Month,Revenue,Profit,Orders,Margin,MoM
2024-01,2455940.85,475995.52,4969,0.1938139186,
2024-02,2179583.78,424736.63,4523,0.1948705225,-0.1125259470
2024-03,2494790.12,477764.27,5028,0.1915047948,0.1446176756
2024-04,2391521.85,467565.61,4822,0.1955096542,-0.0413935702
2024-05,2416591.66,465707.57,4909,0.1927125620,0.0104827853
2024-06,2391299.92,458516.85,4824,0.1917437650,-0.0104658724
2024-07,2462278.30,478157.05,4932,0.1941929351,0.0296819220
2024-08,2456786.72,476313.80,5011,0.1938767399,-0.0022302840
2024-09,2336014.80,450616.80,4724,0.1928998053,-0.0491584878
2024-10,2454119.18,477535.80,4965,0.1945854154,0.0505580615
2024-11,2341218.51,451027.23,4726,0.1926463626,-0.0460045588
2024-12,2463998.34,479917.13,4968,0.1947716937,0.0524427043
2025-01,2442389.37,473583.25,4990,0.1939016177,-0.0087698801
2025-02,2316130.66,444719.10,4558,0.1920095043,-0.0516947509
2025-03,2324529.15,451249.38,4853,0.1941250683,0.0036260864
2025-04,2295067.97,441312.09,4712,0.1922871548,-0.0126740420
2025-05,2506507.50,484946.13,5009,0.1934748360,0.0921277857
2025-06,2280652.78,443435.43,4678,0.1944335550,-0.0901073386
2025-07,2354814.41,459375.15,4858,0.1950791315,0.0325177207
2025-08,2551293.36,493702.53,5117,0.1935106867,0.0834371274
2025-09,2308931.45,447953.27,4764,0.1940089083,-0.0949957045
2025-10,2455534.61,477790.22,4921,0.1945768624,0.0634939422
2025-11,2342157.67,453006.77,4728,0.1934142931,-0.0461719984
2025-12,2400968.87,461941.01,4956,0.1923977507,0.0251098381
